{"assets/audios/plucky.mp3":["assets/audios/plucky.mp3"],"assets/images/aluminium.png":["assets/images/aluminium.png"],"assets/images/auth_logo.png":["assets/images/auth_logo.png"],"assets/images/bank_nifty.png":["assets/images/bank_nifty.png"],"assets/images/copper.png":["assets/images/copper.png"],"assets/images/gold.png":["assets/images/gold.png"],"assets/images/investment.png":["assets/images/investment.png"],"assets/images/lead.png":["assets/images/lead.png"],"assets/images/natural_gas.png":["assets/images/natural_gas.png"],"assets/images/nickel.png":["assets/images/nickel.png"],"assets/images/nifty.png":["assets/images/nifty.png"],"assets/images/oil.png":["assets/images/oil.png"],"assets/images/pkg_1.png":["assets/images/pkg_1.png"],"assets/images/pkg_2.png":["assets/images/pkg_2.png"],"assets/images/pkg_3.png":["assets/images/pkg_3.png"],"assets/images/pkg_4.png":["assets/images/pkg_4.png"],"assets/images/profile.png":["assets/images/profile.png"],"assets/images/silver.png":["assets/images/silver.png"],"assets/images/zinc.png":["assets/images/zinc.png"],"packages/cupertino_icons/assets/CupertinoIcons.ttf":["packages/cupertino_icons/assets/CupertinoIcons.ttf"]}